417;com.pixton.prop.Bag8101
408;com.pixton.prop.Bell8101
405;com.pixton.prop.Bowl8101
402;com.pixton.prop.Bucket8101
377;com.pixton.prop.Bull8101
374;com.pixton.prop.Chart8101
369;com.pixton.prop.Cookie8101
360;com.pixton.prop.Doll8101
343;com.pixton.prop.Door8101
340;com.pixton.prop.Easel8101
335;com.pixton.prop.Game8101
316;com.pixton.prop.Game8102
303;com.pixton.prop.Game8103
290;com.pixton.prop.Glove8101
273;com.pixton.prop.Glove8102
258;com.pixton.prop.Herb8101
253;com.pixton.prop.Hippo8101
250;com.pixton.prop.Hook8101
247;com.pixton.prop.Ladle8101
244;com.pixton.prop.Landmark8101
240;com.pixton.prop.Landmark8102
199;com.pixton.prop.Landmark8103
160;com.pixton.prop.Landmark8104
144;com.pixton.prop.Light8101
139;com.pixton.prop.Lights8101
125;com.pixton.prop.Lights8102
116;com.pixton.prop.Mound8101
113;com.pixton.prop.Net8101
110;com.pixton.prop.Net8102
107;com.pixton.prop.Palette8101
98;com.pixton.prop.Paper8101
91;com.pixton.prop.Plant8101
88;com.pixton.prop.Puck8101
85;com.pixton.prop.Rhino8101
82;com.pixton.prop.Root8101
79;com.pixton.prop.Screen8102
74;com.pixton.prop.Shovel8101
67;com.pixton.prop.Sign8101
60;com.pixton.prop.Stand8101
57;com.pixton.prop.Statue8101
44;com.pixton.prop.Stick8101
41;com.pixton.prop.Stick8102
28;com.pixton.prop.Stones8101
25;com.pixton.prop.Stroller8101
12;com.pixton.prop.Whale8101
5;com.pixton.prop.Window8101
417;com.pixton.prop.Bag8101
408;com.pixton.prop.Bell8101
405;com.pixton.prop.Bowl8101
402;com.pixton.prop.Bucket8101
377;com.pixton.prop.Bull8101
374;com.pixton.prop.Chart8101
369;com.pixton.prop.Cookie8101
360;com.pixton.prop.Doll8101
343;com.pixton.prop.Door8101
340;com.pixton.prop.Easel8101
335;com.pixton.prop.Game8101
316;com.pixton.prop.Game8102
303;com.pixton.prop.Game8103
290;com.pixton.prop.Glove8101
273;com.pixton.prop.Glove8102
258;com.pixton.prop.Herb8101
253;com.pixton.prop.Hippo8101
250;com.pixton.prop.Hook8101
247;com.pixton.prop.Ladle8101
244;com.pixton.prop.Landmark8101
240;com.pixton.prop.Landmark8102
199;com.pixton.prop.Landmark8103
160;com.pixton.prop.Landmark8104
144;com.pixton.prop.Light8101
139;com.pixton.prop.Lights8101
125;com.pixton.prop.Lights8102
116;com.pixton.prop.Mound8101
113;com.pixton.prop.Net8101
110;com.pixton.prop.Net8102
107;com.pixton.prop.Palette8101
98;com.pixton.prop.Paper8101
91;com.pixton.prop.Plant8101
88;com.pixton.prop.Puck8101
85;com.pixton.prop.Rhino8101
82;com.pixton.prop.Root8101
79;com.pixton.prop.Screen8102
74;com.pixton.prop.Shovel8101
67;com.pixton.prop.Sign8101
60;com.pixton.prop.Stand8101
57;com.pixton.prop.Statue8101
44;com.pixton.prop.Stick8101
41;com.pixton.prop.Stick8102
28;com.pixton.prop.Stones8101
25;com.pixton.prop.Stroller8101
12;com.pixton.prop.Whale8101
5;com.pixton.prop.Window8101
