1089;com.pixton.character.Skin0_Addon1
1087;c00capebehind2_1part
1086;c00capebehind2_1
1085;c00capebehind2_1default
1080;c00capebehind2_1_1
1075;c00capebehind2_1_2
1070;c00capebehind2_1_3
1065;c00capebehind2_2
1064;c00capebehind2_2default
1061;c00capebehind2_2_1
1058;c00capebehind2_2_2
1055;c00capebehind2_2_3
1052;c00capebehind1_part
1051;c00capebehind1_1
1050;c00capebehind1_1default
1045;c00capebehind1_1_1
1040;c00capebehind1_1_2
1035;c00capebehind1_1_3
1030;c00capebehind1_2
1029;c00capebehind1_2default
1026;c00capebehind1_2_1
1023;c00capebehind1_2_2
1020;c00capebehind1_2_3
1017;c00_cape_addon_2_1
1016;c00cape2_1
1015;c00cape2_1default
1011;c00cape2_2
1010;c00cape2_2default
1007;c00_cape_addon_1_1
1006;c00cape1_1
1005;c00cape1_1default
1000;c00cape1_2
999;c00cape1_2default
996;c00_addon_belt_4
995;c00belt4_20
992;c00belt5_21
989;c00belt5_23
984;c00belt5_24
983;c00belt5_27
980;c00belt5_29
977;c00_addon_belt_3
976;c00belt4_28
975;c00belt4_26
974;c00belt3_19
971;c00belt3_18
970;c00belt3_17
965;c00belt3_16
964;c00belt3_15
961;c00belt3_12
957;c00belt3_09
956;c00belt3_08
953;c00belt3_07
951;c00belt3_06
948;c00belt3_05
945;c00belt3_03
942;c00belt3_02
939;c00belt3_20
935;c00belt4_21
932;c00belt4_22
931;c00belt4_23
926;c00belt4_24
921;c00belt4_27
916;c00belt4_29
913;c00_addon_belt_2
912;c00belt2_02
908;c00belt2_03
905;c00belt2_05
900;c00belt2_06
895;c00belt2_07
892;c00belt2_08
887;c00belt2_09
884;c00belt2_10
883;c00belt2_11
882;c00belt2_12
875;c00belt2_15
874;c00belt2_16
869;c00belt2_17
864;c00belt2_18
860;c00belt2_19
855;c00belt2_20
849;c00belt2_21
846;c00belt2_22
843;c00belt2_23
836;c00belt2_24
831;c00belt2_26
824;c00belt2_27
817;c00belt2_28
815;c00belt2_29
811;c00_addon_belt_1
810;c00belt1_30
807;c00belt1_25
804;c00belt1_22
801;c00belt1_14
800;c00belt1_13
799;c00belt1_11
796;c00belt1_10
793;c00belt1_04
790;c00belt1_02
784;c00belt1_03
781;c00belt1_05
778;c00belt1_06
773;c00belt1_07
770;c00belt1_08
765;c00belt1_09
762;c00belt1_12
755;c00belt1_15
752;c00belt1_16
745;c00belt1_17
740;c00belt1_18
735;c00belt1_19
730;c00belt1_20
723;c00belt1_21
720;c00belt1_23
713;c00belt1_24
708;c00belt1_26
701;c00belt1_27
692;c00belt1_28
685;c00belt1_29
676;c00_addon_collarBehind_5
675;c00collar5_30
672;c00collar5_32
669;c00collar5_33
667;c00collar5_34
662;c00collar5_35
657;c00collar5_41
650;c00_addon_collarBehind_4
649;c00collarBehind1_27
646;c00collarBehind1_17
643;c00collar4_30
640;c00collar4_34
635;c00collar4_35
629;c00collar4_41
622;c00_addon_collarBehind_2
621;c00collar4_37
618;c00collar4_33
615;c00collar4_32
612;c00collar4_31
609;c00collarBehind2_26
608;c00collarBehind2_16
605;c00collarBehind2_12
602;c00collarBehind2_05
599;c00collarBehind2_03
596;c00collarBehind2_34
593;c00_addon_collarBehind_1
592;c00collar5_37
589;c00collar5_31
586;c00collarBehind1_29
583;c00collarBehind1_26
580;c00collarBehind1_25
577;c00collarBehind1_24
574;c00collarBehind1_22
571;c00collarBehind1_20
568;c00collarBehind1_19
565;c00collarBehind1_16
562;c00collarBehind1_13
560;c00collarBehind1_12
557;c00collarBehind1_11
556;c00collarBehind1_07
553;c00collarBehind1_05
550;c00collarBehind1_04
547;c00collarBehind1_03
544;c00collarBehind1_02
541;c00collarBehind1_32
538;c00collarBehind1_33
535;c00collarBehind1_34
532;c00_addon_collar_5
531;c00_addon_collar_4
530;c00_addon_collar_2
529;c00collar2_39
526;c00collar2_29
523;c00collar2_28
518;c00collar2_27
513;c00collar2_26
507;c00collar2_25
500;c00collar2_24
495;c00collar2_23
488;c00collar2_22
481;c00collar2_21
478;c00collar2_20
475;c00collar2_19
470;c00collar2_18
467;c00collar2_17
462;c00collar2_16
457;c00collar2_14
452;c00collar2_13
447;c00collar2_12
444;c00collar2_10
443;c00collar2_09
442;c00collar2_08
441;c00collar2_06
438;c00collar2_05
433;c00collar2_03
428;c00collar2_02
425;c00collar2_30
422;c00collar2_31
415;c00collar2_32
410;c00collar2_33
403;c00collar2_34
398;c00collar2_35
391;c00collar2_37
386;c00collar2_38
381;c00collar2_40
376;c00collar2_41
365;c00_addon_collar_1
364;c00collar1_42
361;c00collar1_39
358;c00collar1_36
355;c00collar1_29
352;c00collar1_28
347;c00collar1_27
342;c00collar1_26
336;c00collar1_25
331;c00collar1_24
327;c00collar1_23
319;c00collar1_22
308;c00collar1_21
305;c00collar1_20
302;c00collar1_19
297;c00collar1_18
294;c00collar1_17
289;c00collar1_16
284;c00collar1_15
281;c00collar1_14
278;c00collar1_13
275;c00collar1_12
272;c00collar1_11
269;c00collar1_10
268;c00collar1_09
267;c00collar1_08
266;c00collar1_07
263;c00collar1_06
260;c00collar1_05
255;c00collar1_04
252;c00collar1_03
247;c00collar1_02
243;c00collar1_30
240;c00collar1_31
235;c00collar1_32
230;c00collar1_33
223;c00collar1_34
218;c00collar1_35
211;c00collar1_37
206;c00collar1_38
198;c00collar1_40
190;c00collar1_41
179;c00_addon_accessory_2
178;c00accessory2_02
175;c00accessory2_06
172;c00accessory2_03
169;c00accessory2_04
166;c00accessory2_05
165;c00accessory2_07
161;c00accessory2_08
160;c00accessory2_09
158;c00accessory2_10
156;c00accessory2_11
152;c00accessory2_12
149;c00_addon_accessory_1
146;c00accessory1_02
143;c00accessory1_06
140;c00accessory1_03
137;c00accessory1_04
134;c00accessory1_05
131;c00accessory1_07
127;c00accessory1_08
123;c00accessory1_09
121;c00accessory1_10
119;c00accessory1_11
115;c00accessory1_12
112;c00_addon_detail_3
111;c00_addon_detail_2
110;c00detail2_01
109;c00detail2_02
104;c00detail2_11
101;c00_addon_detail_1
100;c00detail1_18
97;c00detail1_17
92;c00detail1_16
89;c00detail1_15
86;c00detail1_14
83;c00detail1_13
80;c00detail1_12
77;c00detail1_10
72;c00detail1_09
67;c00detail1_08
64;c00detail1_07
59;c00detail1_06
56;c00detail1_05
53;c00detail1_04
50;blanklook
49;c00detail1_01
48;c00detail1_02
43;c00detail1_11
40;c00belt2_25
39;c00belt4_25
36;c00belt5_25
33;c00collar4_39
30;c00collar5_39
27;c00collarBehind1_31
24;c00collarBehind1_40
21;c00_detail_1_03
14;c00_detail_2_03
7;c00_detail_3_03
1089;com.pixton.character.Skin0_Addon1
1087;c00capebehind2_1part
1086;c00capebehind2_1
1085;c00capebehind2_1default
1080;c00capebehind2_1_1
1075;c00capebehind2_1_2
1070;c00capebehind2_1_3
1065;c00capebehind2_2
1064;c00capebehind2_2default
1061;c00capebehind2_2_1
1058;c00capebehind2_2_2
1055;c00capebehind2_2_3
1052;c00capebehind1_part
1051;c00capebehind1_1
1050;c00capebehind1_1default
1045;c00capebehind1_1_1
1040;c00capebehind1_1_2
1035;c00capebehind1_1_3
1030;c00capebehind1_2
1029;c00capebehind1_2default
1026;c00capebehind1_2_1
1023;c00capebehind1_2_2
1020;c00capebehind1_2_3
1017;c00_cape_addon_2_1
1016;c00cape2_1
1015;c00cape2_1default
1011;c00cape2_2
1010;c00cape2_2default
1007;c00_cape_addon_1_1
1006;c00cape1_1
1005;c00cape1_1default
1000;c00cape1_2
999;c00cape1_2default
996;c00_addon_belt_4
995;c00belt4_20
992;c00belt5_21
989;c00belt5_23
984;c00belt5_24
983;c00belt5_27
980;c00belt5_29
977;c00_addon_belt_3
976;c00belt4_28
975;c00belt4_26
974;c00belt3_19
971;c00belt3_18
970;c00belt3_17
965;c00belt3_16
964;c00belt3_15
961;c00belt3_12
957;c00belt3_09
956;c00belt3_08
953;c00belt3_07
951;c00belt3_06
948;c00belt3_05
945;c00belt3_03
942;c00belt3_02
939;c00belt3_20
935;c00belt4_21
932;c00belt4_22
931;c00belt4_23
926;c00belt4_24
921;c00belt4_27
916;c00belt4_29
913;c00_addon_belt_2
912;c00belt2_02
908;c00belt2_03
905;c00belt2_05
900;c00belt2_06
895;c00belt2_07
892;c00belt2_08
887;c00belt2_09
884;c00belt2_10
883;c00belt2_11
882;c00belt2_12
875;c00belt2_15
874;c00belt2_16
869;c00belt2_17
864;c00belt2_18
860;c00belt2_19
855;c00belt2_20
849;c00belt2_21
846;c00belt2_22
843;c00belt2_23
836;c00belt2_24
831;c00belt2_26
824;c00belt2_27
817;c00belt2_28
815;c00belt2_29
811;c00_addon_belt_1
810;c00belt1_30
807;c00belt1_25
804;c00belt1_22
801;c00belt1_14
800;c00belt1_13
799;c00belt1_11
796;c00belt1_10
793;c00belt1_04
790;c00belt1_02
784;c00belt1_03
781;c00belt1_05
778;c00belt1_06
773;c00belt1_07
770;c00belt1_08
765;c00belt1_09
762;c00belt1_12
755;c00belt1_15
752;c00belt1_16
745;c00belt1_17
740;c00belt1_18
735;c00belt1_19
730;c00belt1_20
723;c00belt1_21
720;c00belt1_23
713;c00belt1_24
708;c00belt1_26
701;c00belt1_27
692;c00belt1_28
685;c00belt1_29
676;c00_addon_collarBehind_5
675;c00collar5_30
672;c00collar5_32
669;c00collar5_33
667;c00collar5_34
662;c00collar5_35
657;c00collar5_41
650;c00_addon_collarBehind_4
649;c00collarBehind1_27
646;c00collarBehind1_17
643;c00collar4_30
640;c00collar4_34
635;c00collar4_35
629;c00collar4_41
622;c00_addon_collarBehind_2
621;c00collar4_37
618;c00collar4_33
615;c00collar4_32
612;c00collar4_31
609;c00collarBehind2_26
608;c00collarBehind2_16
605;c00collarBehind2_12
602;c00collarBehind2_05
599;c00collarBehind2_03
596;c00collarBehind2_34
593;c00_addon_collarBehind_1
592;c00collar5_37
589;c00collar5_31
586;c00collarBehind1_29
583;c00collarBehind1_26
580;c00collarBehind1_25
577;c00collarBehind1_24
574;c00collarBehind1_22
571;c00collarBehind1_20
568;c00collarBehind1_19
565;c00collarBehind1_16
562;c00collarBehind1_13
560;c00collarBehind1_12
557;c00collarBehind1_11
556;c00collarBehind1_07
553;c00collarBehind1_05
550;c00collarBehind1_04
547;c00collarBehind1_03
544;c00collarBehind1_02
541;c00collarBehind1_32
538;c00collarBehind1_33
535;c00collarBehind1_34
532;c00_addon_collar_5
531;c00_addon_collar_4
530;c00_addon_collar_2
529;c00collar2_39
526;c00collar2_29
523;c00collar2_28
518;c00collar2_27
513;c00collar2_26
507;c00collar2_25
500;c00collar2_24
495;c00collar2_23
488;c00collar2_22
481;c00collar2_21
478;c00collar2_20
475;c00collar2_19
470;c00collar2_18
467;c00collar2_17
462;c00collar2_16
457;c00collar2_14
452;c00collar2_13
447;c00collar2_12
444;c00collar2_10
443;c00collar2_09
442;c00collar2_08
441;c00collar2_06
438;c00collar2_05
433;c00collar2_03
428;c00collar2_02
425;c00collar2_30
422;c00collar2_31
415;c00collar2_32
410;c00collar2_33
403;c00collar2_34
398;c00collar2_35
391;c00collar2_37
386;c00collar2_38
381;c00collar2_40
376;c00collar2_41
365;c00_addon_collar_1
364;c00collar1_42
361;c00collar1_39
358;c00collar1_36
355;c00collar1_29
352;c00collar1_28
347;c00collar1_27
342;c00collar1_26
336;c00collar1_25
331;c00collar1_24
327;c00collar1_23
319;c00collar1_22
308;c00collar1_21
305;c00collar1_20
302;c00collar1_19
297;c00collar1_18
294;c00collar1_17
289;c00collar1_16
284;c00collar1_15
281;c00collar1_14
278;c00collar1_13
275;c00collar1_12
272;c00collar1_11
269;c00collar1_10
268;c00collar1_09
267;c00collar1_08
266;c00collar1_07
263;c00collar1_06
260;c00collar1_05
255;c00collar1_04
252;c00collar1_03
247;c00collar1_02
243;c00collar1_30
240;c00collar1_31
235;c00collar1_32
230;c00collar1_33
223;c00collar1_34
218;c00collar1_35
211;c00collar1_37
206;c00collar1_38
198;c00collar1_40
190;c00collar1_41
179;c00_addon_accessory_2
178;c00accessory2_02
175;c00accessory2_06
172;c00accessory2_03
169;c00accessory2_04
166;c00accessory2_05
165;c00accessory2_07
161;c00accessory2_08
160;c00accessory2_09
158;c00accessory2_10
156;c00accessory2_11
152;c00accessory2_12
149;c00_addon_accessory_1
146;c00accessory1_02
143;c00accessory1_06
140;c00accessory1_03
137;c00accessory1_04
134;c00accessory1_05
131;c00accessory1_07
127;c00accessory1_08
123;c00accessory1_09
121;c00accessory1_10
119;c00accessory1_11
115;c00accessory1_12
112;c00_addon_detail_3
111;c00_addon_detail_2
110;c00detail2_01
109;c00detail2_02
104;c00detail2_11
101;c00_addon_detail_1
100;c00detail1_18
97;c00detail1_17
92;c00detail1_16
89;c00detail1_15
86;c00detail1_14
83;c00detail1_13
80;c00detail1_12
77;c00detail1_10
72;c00detail1_09
67;c00detail1_08
64;c00detail1_07
59;c00detail1_06
56;c00detail1_05
53;c00detail1_04
50;blanklook
49;c00detail1_01
48;c00detail1_02
43;c00detail1_11
40;c00belt2_25
39;c00belt4_25
36;c00belt5_25
33;c00collar4_39
30;c00collar5_39
27;c00collarBehind1_31
24;c00collarBehind1_40
21;c00_detail_1_03
14;c00_detail_2_03
7;c00_detail_3_03
